IXI_ID,mask_code,n_points,min_effective_voxels,max_effective_voxels,bag_slope_per_voxel,abs_bag_slope_per_voxel
IXI002,B00005-100,7,425.09375,145807.15625,-7.262166802910933e-06,7.262166802910933e-06
IXI002,B00005-101,3,426.546875,11516.765625,-1.3831866020632207e-05,1.3831866020632207e-05
IXI002,B00006-100,5,624.703125,78087.890625,4.938176548201077e-06,-4.938176548201077e-06
IXI002,B00006-101,5,581.84375,72730.46875,-5.3695588282349585e-05,5.3695588282349585e-05
IXI002,B00008-100,6,139.484375,30128.625,3.5934388305035484e-05,-3.5652120794331125e-05
IXI002,B00008-101,6,152.1875,32872.5,-2.7131895064675844e-05,2.7131895064675844e-05
IXI002,B00008-102,6,270.609375,58451.625,-2.3417185874678824e-05,2.3417185874678824e-05
IXI002,B00008-103,6,180.03125,38886.75,1.4664266079521833e-05,-1.4664266079521833e-05
IXI002,B00009-100,3,1291.359375,34866.703125,-3.533367920959457e-05,3.533367920959457e-05
IXI002,B00009-101,3,1471.328125,39725.859375,-1.4461189407449502e-05,1.4461189407449502e-05
IXI002,B00020-100,3,1929.171875,52087.640625,2.2430285373410667e-05,-2.2430285373410667e-05
IXI002,B00020-101,3,2127.796875,57450.515625,-4.920973374376156e-05,4.920973374376156e-05
IXI002,B00027-100,4,666.5,42656.0,-2.2986445774623503e-05,2.2986445774623503e-05
IXI002,B00027-101,4,661.890625,42361.0,2.5298880206679442e-05,-2.5298880206679442e-05
IXI002,B00033-100,3,1340.53125,36194.34375,2.5968530813304897e-05,-2.5968530813304897e-05
IXI002,B00033-101,3,1255.765625,33905.671875,0.0001317300283932077,5.155483145883345e-05
IXI002,B00046-100,4,490.484375,31391.0,6.374780288409881e-06,-6.374780288409881e-06
IXI002,B00046-101,3,1630.171875,44014.640625,1.720508002817847e-05,-1.720508002817847e-05
IXI002,B00060-100,3,1197.65625,32336.71875,4.1524241998313335e-07,-4.1524241998313335e-07
IXI002,B00060-101,3,1269.703125,34281.984375,-6.505755786840756e-06,6.505755786840756e-06
IXI002,B00063-100,7,170.390625,58443.984375,-3.4510525795501376e-05,3.4510525795501376e-05
IXI002,B00063-101,3,1208.234375,32622.328125,-3.2257736482086186e-05,3.2257736482086186e-05
IXI002,B00078-100,3,1130.171875,30514.640625,-8.837334748151128e-06,8.837334748151128e-06
IXI002,B00078-101,3,1196.9375,32317.3125,2.300433513129611e-05,-2.300433513129611e-05
IXI002,B00080-100,4,625.3125,40020.0,-6.241687189877905e-06,6.241687189877905e-06
IXI002,B00080-101,3,1712.625,46240.875,-3.3055586134981416e-06,3.3055586134981416e-06
IXI002,B00085-100,5,437.171875,54646.484375,-1.2534533967986003e-05,1.2534533967986003e-05
IXI002,B00085-101,5,491.96875,61496.09375,-1.403428440353006e-05,1.403428440353006e-05
IXI002,B00096-100,3,1874.890625,50622.046875,-6.3466155231061815e-06,6.3466155231061815e-06
IXI002,B00096-101,3,1385.234375,37401.328125,7.031665450933242e-05,6.807704155951995e-06
IXI012,B00005-100,7,425.09375,145807.15625,1.0229175333772788e-05,1.0229175333772788e-05
IXI012,B00005-101,3,426.546875,11516.765625,-2.9677772990287963e-05,-2.9677772990287963e-05
IXI012,B00006-100,5,624.703125,78087.890625,8.179897000642115e-06,8.179897000642115e-06
IXI012,B00006-101,5,581.84375,72730.46875,-6.0008162339059715e-05,-6.0008162339059715e-05
IXI012,B00008-100,6,139.484375,30128.625,-0.00011476254312422674,-0.00011476254312422674
IXI012,B00008-101,6,152.1875,32872.5,-1.6420400129320403e-06,-1.6420400129320403e-06
IXI012,B00008-102,6,270.609375,58451.625,5.10088369842777e-05,5.10088369842777e-05
IXI012,B00008-103,6,180.03125,38886.75,2.1272685464742688e-05,2.1272685464742688e-05
IXI012,B00009-100,3,1291.359375,34866.703125,5.7497136961451094e-05,5.7497136961451094e-05
IXI012,B00009-101,3,1471.328125,39725.859375,-8.09238045478516e-06,-8.09238045478516e-06
IXI012,B00020-100,3,1929.171875,52087.640625,-5.1179357071589994e-05,-5.1179357071589994e-05
IXI012,B00020-101,3,2127.796875,57450.515625,2.1352568335168517e-05,2.1352568335168517e-05
IXI012,B00027-100,4,666.5,42656.0,1.8785355334650346e-06,1.8785355334650346e-06
IXI012,B00027-101,4,661.890625,42361.0,-2.971686481575642e-05,-2.971686481575642e-05
IXI012,B00033-100,3,1340.53125,36194.34375,2.61131300376838e-05,2.61131300376838e-05
IXI012,B00033-101,3,1255.765625,33905.671875,-8.933795520097257e-05,-8.933795520097257e-05
IXI012,B00046-100,4,490.484375,31391.0,5.976728292321619e-05,5.976728292321619e-05
IXI012,B00046-101,3,1630.171875,44014.640625,5.352636961697138e-06,5.352636961697138e-06
IXI012,B00060-100,3,1197.65625,32336.71875,1.733367066345189e-05,1.733367066345189e-05
IXI012,B00060-101,3,1269.703125,34281.984375,2.8861164295581046e-05,2.8861164295581046e-05
IXI012,B00063-100,7,170.390625,58443.984375,-1.2814751358392488e-05,-1.2814751358392488e-05
IXI012,B00063-101,3,1208.234375,32622.328125,-1.013332445472465e-05,-1.013332445472465e-05
IXI012,B00078-100,3,1130.171875,30514.640625,-0.0001343937642105877,-0.0001343937642105877
IXI012,B00078-101,3,1196.9375,32317.3125,3.533482982438785e-05,3.533482982438785e-05
IXI012,B00080-100,4,625.3125,40020.0,5.543493692484427e-06,5.543493692484427e-06
IXI012,B00080-101,3,1712.625,46240.875,-9.915741924713339e-06,-9.915741924713339e-06
IXI012,B00085-100,5,437.171875,54646.484375,-6.793982295466271e-05,-6.793982295466271e-05
IXI012,B00085-101,5,491.96875,61496.09375,4.688203596544656e-06,4.688203596544656e-06
IXI012,B00096-100,3,1874.890625,50622.046875,4.545770731653651e-05,4.545770731653651e-05
IXI012,B00096-101,3,1385.234375,37401.328125,-6.115087007771983e-06,-6.115087007771983e-06
IXI013,B00005-100,7,425.09375,145807.15625,4.270889418036918e-06,4.270889418036918e-06
IXI013,B00005-101,3,426.546875,11516.765625,-2.7833934782789114e-05,-2.7833934782789114e-05
IXI013,B00006-100,5,624.703125,78087.890625,-1.3424437666601923e-05,-1.1315772402133118e-06
IXI013,B00006-101,5,581.84375,72730.46875,-2.4452381174166696e-05,-2.4452381174166696e-05
IXI013,B00008-100,6,139.484375,30128.625,0.00016500488754193066,0.00016500488754193066
IXI013,B00008-101,6,152.1875,32872.5,-2.1160808316819847e-05,-2.1160808316819847e-05
IXI013,B00008-102,6,270.609375,58451.625,-3.483972246117214e-05,-2.972952411913807e-06
IXI013,B00008-103,6,180.03125,38886.75,3.3176831500590985e-05,3.3176831500590985e-05
IXI013,B00009-100,3,1291.359375,34866.703125,-7.257179295528808e-05,-7.257179295528808e-05
IXI013,B00009-101,3,1471.328125,39725.859375,-9.206758678269159e-06,-9.206758678269159e-06
IXI013,B00020-100,3,1929.171875,52087.640625,6.846140246300974e-06,6.846140246300974e-06
IXI013,B00020-101,3,2127.796875,57450.515625,1.8568060343391866e-05,-2.4114112912550085e-05
IXI013,B00027-100,4,666.5,42656.0,-5.1169419970055174e-06,-5.1169419970055174e-06
IXI013,B00027-101,4,661.890625,42361.0,-4.689525762772835e-05,-4.689525762772835e-05
IXI013,B00033-100,3,1340.53125,36194.34375,-4.252062701393035e-05,-4.252062701393035e-05
IXI013,B00033-101,3,1255.765625,33905.671875,-9.458566835608851e-06,-9.458566835608851e-06
IXI013,B00046-100,4,490.484375,31391.0,-6.198884486918881e-05,-6.198884486918881e-05
IXI013,B00046-101,3,1630.171875,44014.640625,-9.42732339715005e-06,-9.42732339715005e-06
IXI013,B00060-100,3,1197.65625,32336.71875,2.179377683594422e-05,2.179377683594422e-05
IXI013,B00060-101,3,1269.703125,34281.984375,-1.6093578015209423e-05,-1.6093578015209423e-05
IXI013,B00063-100,7,170.390625,58443.984375,-2.4475557850129973e-05,-2.4475557850129973e-05
IXI013,B00063-101,3,1208.234375,32622.328125,-4.9537103212467764e-05,-4.9537103212467764e-05
IXI013,B00078-100,3,1130.171875,30514.640625,-2.6985283355500898e-05,-2.6985283355500898e-05
IXI013,B00078-101,3,1196.9375,32317.3125,-1.3720610062916516e-05,-1.3720610062916516e-05
IXI013,B00080-100,4,625.3125,40020.0,2.5046529454938653e-06,2.5046529454938653e-06
IXI013,B00080-101,3,1712.625,46240.875,-9.509815995203007e-06,-9.509815995203007e-06
IXI013,B00085-100,5,437.171875,54646.484375,-3.988005452047235e-05,-3.988005452047235e-05
IXI013,B00085-101,5,491.96875,61496.09375,-1.6759211191652403e-05,-1.6759211191652403e-05
IXI013,B00096-100,3,1874.890625,50622.046875,-1.901796389319835e-06,-1.901796389319835e-06
IXI013,B00096-101,3,1385.234375,37401.328125,-1.938192465610212e-05,-1.938192465610212e-05
IXI014,B00005-100,7,425.09375,145807.15625,-2.2238149235933642e-05,-2.2238149235933642e-05
IXI014,B00005-101,3,426.546875,11516.765625,-8.53468859989049e-06,-8.53468859989049e-06
IXI014,B00006-100,5,624.703125,78087.890625,-2.5254147173227838e-05,-2.5254147173227838e-05
IXI014,B00006-101,5,581.84375,72730.46875,-1.0479818906463415e-05,-1.0479818906463415e-05
IXI014,B00008-100,6,139.484375,30128.625,4.2911522748538836e-05,4.2911522748538836e-05
IXI014,B00008-101,6,152.1875,32872.5,-9.999067555330889e-06,-9.999067555330889e-06
IXI014,B00008-102,6,270.609375,58451.625,-2.7215302939239614e-05,-2.7215302939239614e-05
IXI014,B00008-103,6,180.03125,38886.75,-4.132166224278436e-05,-4.132166224278436e-05
IXI014,B00009-100,3,1291.359375,34866.703125,8.021770818271403e-06,8.021770818271403e-06
IXI014,B00009-101,3,1471.328125,39725.859375,5.683059517310191e-05,5.683059517310191e-05
IXI014,B00020-100,3,1929.171875,52087.640625,-0.0001190778451682819,1.1707357568622599e-05
IXI014,B00020-101,3,2127.796875,57450.515625,-5.071002623740353e-06,-5.071002623740353e-06
IXI014,B00027-100,4,666.5,42656.0,2.3316845947888584e-05,2.3316845947888584e-05
IXI014,B00027-101,4,661.890625,42361.0,3.293423581076796e-06,3.293423581076796e-06
IXI014,B00033-100,3,1340.53125,36194.34375,2.2644351876143757e-05,2.2644351876143757e-05
IXI014,B00033-101,3,1255.765625,33905.671875,-2.6748010437217305e-05,-2.6748010437217305e-05
IXI014,B00046-100,4,490.484375,31391.0,-1.5070558000460943e-05,-1.5070558000460943e-05
IXI014,B00046-101,3,1630.171875,44014.640625,5.088884818404376e-06,5.088884818404376e-06
IXI014,B00060-100,3,1197.65625,32336.71875,1.1690973896560085e-06,1.1690973896560085e-06
IXI014,B00060-101,3,1269.703125,34281.984375,-2.881651993600049e-05,-2.881651993600049e-05
IXI014,B00063-100,7,170.390625,58443.984375,-1.290294178215648e-05,-1.290294178215648e-05
IXI014,B00063-101,3,1208.234375,32622.328125,-5.3827329972084546e-05,-5.3827329972084546e-05
IXI014,B00078-100,3,1130.171875,30514.640625,1.1782950861795566e-05,1.1782950861795566e-05
IXI014,B00078-101,3,1196.9375,32317.3125,-4.4274363873495886e-07,-4.4274363873495886e-07
IXI014,B00080-100,4,625.3125,40020.0,-8.50544501807664e-06,-8.50544501807664e-06
IXI014,B00080-101,3,1712.625,46240.875,-3.945882887122413e-06,-3.945882887122413e-06
IXI014,B00085-100,5,437.171875,54646.484375,5.112677010163786e-05,5.112677010163786e-05
IXI014,B00085-101,5,491.96875,61496.09375,-3.7540562171115116e-05,-3.7540562171115116e-05
IXI014,B00096-100,3,1874.890625,50622.046875,-2.779020304729564e-05,-2.779020304729564e-05
IXI014,B00096-101,3,1385.234375,37401.328125,1.834309133642694e-05,1.834309133642694e-05
IXI015,B00005-100,7,425.09375,145807.15625,-4.628285580708707e-06,-4.628285580708707e-06
IXI015,B00005-101,3,426.546875,11516.765625,-0.0001903664526193358,-0.0001903664526193358
IXI015,B00006-100,5,624.703125,78087.890625,0.0001928202460942769,0.0001928202460942769
IXI015,B00006-101,5,581.84375,72730.46875,5.2130407320371075e-06,5.2130407320371075e-06
IXI015,B00008-100,6,139.484375,30128.625,3.534417814491415e-05,3.534417814491415e-05
IXI015,B00008-101,6,152.1875,32872.5,5.353375130506018e-05,5.353375130506018e-05
IXI015,B00008-102,6,270.609375,58451.625,2.748268049424497e-06,2.748268049424497e-06
IXI015,B00008-103,6,180.03125,38886.75,5.081274946584485e-05,5.081274946584485e-05
IXI015,B00009-100,3,1291.359375,34866.703125,-7.540751730701579e-05,-7.540751730701579e-05
IXI015,B00009-101,3,1471.328125,39725.859375,-5.439476456777846e-05,-5.439476456777846e-05
IXI015,B00020-100,3,1929.171875,52087.640625,7.711463017809474e-06,7.711463017809474e-06
IXI015,B00020-101,3,2127.796875,57450.515625,-7.995498352651629e-05,-7.995498352651629e-05
IXI015,B00027-100,4,666.5,42656.0,-8.081356113086842e-06,-8.081356113086842e-06
IXI015,B00027-101,4,661.890625,42361.0,-6.527851838140769e-05,-6.527851838140769e-05
IXI015,B00033-100,3,1340.53125,36194.34375,-6.072809892692965e-05,-6.072809892692965e-05
IXI015,B00033-101,3,1255.765625,33905.671875,0.0001214164286015284,0.0001214164286015284
IXI015,B00046-100,4,490.484375,31391.0,-1.853401927823824e-05,-1.853401927823824e-05
IXI015,B00046-101,3,1630.171875,44014.640625,3.5817615958897555e-05,3.5817615958897555e-05
IXI015,B00060-100,3,1197.65625,32336.71875,0.00010675550269755978,0.00010675550269755978
IXI015,B00060-101,3,1269.703125,34281.984375,-8.204289173668013e-05,-8.204289173668013e-05
IXI015,B00063-100,7,170.390625,58443.984375,-3.220930323891731e-05,-3.220930323891731e-05
IXI015,B00063-101,3,1208.234375,32622.328125,-3.226295847576173e-06,-3.226295847576173e-06
IXI015,B00078-100,3,1130.171875,30514.640625,-0.00013458123141839247,-0.00013458123141839247
IXI015,B00078-101,3,1196.9375,32317.3125,4.2393237114401585e-05,4.2393237114401585e-05
IXI015,B00080-100,4,625.3125,40020.0,-6.77625077001247e-05,-6.77625077001247e-05
IXI015,B00080-101,3,1712.625,46240.875,-3.4560542219566e-05,-3.4560542219566e-05
IXI015,B00085-100,5,437.171875,54646.484375,2.596870947587152e-05,2.596870947587152e-05
IXI015,B00085-101,5,491.96875,61496.09375,5.224773746395163e-07,5.224773746395163e-07
IXI015,B00096-100,3,1874.890625,50622.046875,-1.0059618855298891e-05,-1.0059618855298891e-05
IXI015,B00096-101,3,1385.234375,37401.328125,-2.8237948394530807e-05,-2.8237948394530807e-05
IXI016,B00005-100,7,425.09375,145807.15625,-7.719511497858702e-06,-7.719511497858702e-06
IXI016,B00005-101,3,426.546875,11516.765625,2.8755915411063908e-05,2.8755915411063908e-05
IXI016,B00006-100,5,624.703125,78087.890625,-1.491919703244992e-05,-1.491919703244992e-05
IXI016,B00006-101,5,581.84375,72730.46875,-2.1648029466417492e-05,-2.1648029466417492e-05
IXI016,B00008-100,6,139.484375,30128.625,-3.625445379164982e-05,-3.625445379164982e-05
IXI016,B00008-101,6,152.1875,32872.5,-1.860505405522358e-05,-1.860505405522358e-05
IXI016,B00008-102,6,270.609375,58451.625,-4.8412190418484166e-05,-4.8412190418484166e-05
IXI016,B00008-103,6,180.03125,38886.75,-2.682574945861587e-06,-2.682574945861587e-06
IXI016,B00009-100,3,1291.359375,34866.703125,1.154505920707707e-05,1.154505920707707e-05
IXI016,B00009-101,3,1471.328125,39725.859375,-1.393084960482856e-05,-1.393084960482856e-05
IXI016,B00020-100,3,1929.171875,52087.640625,7.312773355190007e-07,7.312773355190007e-07
IXI016,B00020-101,3,2127.796875,57450.515625,-1.9044112357966954e-05,-1.9044112357966954e-05
IXI016,B00027-100,4,666.5,42656.0,-1.1726456509524841e-05,-1.1726456509524841e-05
IXI016,B00027-101,4,661.890625,42361.0,-1.1635129059560798e-05,-1.1635129059560798e-05
IXI016,B00033-100,3,1340.53125,36194.34375,-2.3190247434526623e-05,-2.3190247434526623e-05
IXI016,B00033-101,3,1255.765625,33905.671875,-7.757720277649448e-07,-7.757720277649448e-07
IXI016,B00046-100,4,490.484375,31391.0,-2.1214268780767283e-05,-2.1214268780767283e-05
IXI016,B00046-101,3,1630.171875,44014.640625,5.574633856302341e-05,5.574633856302341e-05
IXI016,B00060-100,3,1197.65625,32336.71875,-1.1241461043056557e-05,-1.1241461043056557e-05
IXI016,B00060-101,3,1269.703125,34281.984375,-9.920766460108882e-06,-9.920766460108882e-06
IXI016,B00063-100,7,170.390625,58443.984375,-3.174683518592865e-05,-3.174683518592865e-05
IXI016,B00063-101,3,1208.234375,32622.328125,6.4514942533991e-06,6.4514942533991e-06
IXI016,B00078-100,3,1130.171875,30514.640625,-1.6428733742536418e-06,-1.6428733742536418e-06
IXI016,B00078-101,3,1196.9375,32317.3125,8.154998700354916e-05,8.154998700354916e-05
IXI016,B00080-100,4,625.3125,40020.0,1.1636552936920773e-05,1.1636552936920773e-05
IXI016,B00080-101,3,1712.625,46240.875,6.571008850828844e-07,6.571008850828844e-07
IXI016,B00085-100,5,437.171875,54646.484375,1.2144010909323132e-05,1.2144010909323132e-05
IXI016,B00085-101,5,491.96875,61496.09375,-5.218910951577507e-06,-5.218910951577507e-06
IXI016,B00096-100,3,1874.890625,50622.046875,1.4653460310046544e-05,1.4653460310046544e-05
IXI016,B00096-101,3,1385.234375,37401.328125,-2.04929519139779e-05,-2.04929519139779e-05
IXI017,B00005-100,7,425.09375,145807.15625,-5.8679209119743965e-06,-5.8679209119743965e-06
IXI017,B00005-101,3,426.546875,11516.765625,0.00015591407209581497,0.00015591407209581497
IXI017,B00006-100,5,624.703125,78087.890625,-7.337296804047497e-06,-7.337296804047497e-06
IXI017,B00006-101,5,581.84375,72730.46875,-3.6215412231939876e-06,-3.6215412231939876e-06
IXI017,B00008-100,6,139.484375,30128.625,-0.00013480710851347346,-0.00013480710851347346
IXI017,B00008-101,6,152.1875,32872.5,2.7193917327756855e-05,2.7193917327756855e-05
IXI017,B00008-102,6,270.609375,58451.625,-1.629225589918603e-05,-1.629225589918603e-05
IXI017,B00008-103,6,180.03125,38886.75,-1.4785380778766536e-05,-1.4785380778766536e-05
IXI017,B00009-100,3,1291.359375,34866.703125,5.659820415750776e-05,5.659820415750776e-05
IXI017,B00009-101,3,1471.328125,39725.859375,-3.187290770021934e-05,-3.187290770021934e-05
IXI017,B00020-100,3,1929.171875,52087.640625,5.150795969504803e-06,5.150795969504803e-06
IXI017,B00020-101,3,2127.796875,57450.515625,-2.2961360208425685e-05,-2.2961360208425685e-05
IXI017,B00027-100,4,666.5,42656.0,3.7668450376192374e-05,3.7668450376192374e-05
IXI017,B00027-101,4,661.890625,42361.0,5.0271220222200664e-05,5.0271220222200664e-05
IXI017,B00033-100,3,1340.53125,36194.34375,4.8530658752553474e-05,4.8530658752553474e-05
IXI017,B00033-101,3,1255.765625,33905.671875,-6.0686180022271614e-05,-6.0686180022271614e-05
IXI017,B00046-100,4,490.484375,31391.0,2.1120484791033313e-06,2.1120484791033313e-06
IXI017,B00046-101,3,1630.171875,44014.640625,1.1847054352247456e-06,1.1847054352247456e-06
IXI017,B00060-100,3,1197.65625,32336.71875,-9.529013749085501e-05,-9.529013749085501e-05
IXI017,B00060-101,3,1269.703125,34281.984375,-1.828928421828272e-05,-1.828928421828272e-05
IXI017,B00063-100,7,170.390625,58443.984375,-1.5673261274294596e-05,-1.5673261274294596e-05
IXI017,B00063-101,3,1208.234375,32622.328125,-3.4671488741897824e-05,-3.4671488741897824e-05
IXI017,B00078-100,3,1130.171875,30514.640625,1.164474521710395e-05,1.164474521710395e-05
IXI017,B00078-101,3,1196.9375,32317.3125,-1.5568276659096039e-06,-1.5568276659096039e-06
IXI017,B00080-100,4,625.3125,40020.0,7.363684852134867e-06,7.363684852134867e-06
IXI017,B00080-101,3,1712.625,46240.875,-1.9080628465639972e-05,-1.9080628465639972e-05
IXI017,B00085-100,5,437.171875,54646.484375,-8.856664222352182e-06,-8.856664222352182e-06
IXI017,B00085-101,5,491.96875,61496.09375,-2.8192575486289543e-05,-2.8192575486289543e-05
IXI017,B00096-100,3,1874.890625,50622.046875,-1.924369787132619e-05,-1.924369787132619e-05
IXI017,B00096-101,3,1385.234375,37401.328125,-6.697771577761136e-07,-6.697771577761136e-07
IXI019,B00005-100,7,425.09375,145807.15625,4.198013674242423e-06,4.198013674242423e-06
IXI019,B00005-101,3,426.546875,11516.765625,0.0001261413376200826,0.0001261413376200826
IXI019,B00006-100,5,624.703125,78087.890625,-1.2890713656840737e-05,-1.2890713656840737e-05
IXI019,B00006-101,5,581.84375,72730.46875,1.9644337066346646e-05,1.9644337066346646e-05
IXI019,B00008-100,6,139.484375,30128.625,-2.6498798949314323e-05,-2.6498798949314323e-05
IXI019,B00008-101,6,152.1875,32872.5,-5.004645281084362e-05,-5.004645281084362e-05
IXI019,B00008-102,6,270.609375,58451.625,-2.0280628923626366e-06,-2.0280628923626366e-06
IXI019,B00008-103,6,180.03125,38886.75,1.1369851412911857e-05,1.1369851412911857e-05
IXI019,B00009-100,3,1291.359375,34866.703125,-1.6211662902070443e-05,-1.6211662902070443e-05
IXI019,B00009-101,3,1471.328125,39725.859375,-9.759852005398973e-06,-9.759852005398973e-06
IXI019,B00020-100,3,1929.171875,52087.640625,8.40686058909328e-06,8.40686058909328e-06
IXI019,B00020-101,3,2127.796875,57450.515625,-3.0261236845443794e-05,-3.0261236845443794e-05
IXI019,B00027-100,4,666.5,42656.0,-6.422327339156904e-06,-6.422327339156904e-06
IXI019,B00027-101,4,661.890625,42361.0,-1.942622086965192e-06,-1.942622086965192e-06
IXI019,B00033-100,3,1340.53125,36194.34375,4.378938474879523e-05,4.378938474879523e-05
IXI019,B00033-101,3,1255.765625,33905.671875,6.868302276193038e-05,6.868302276193038e-05
IXI019,B00046-100,4,490.484375,31391.0,-2.0383914639069172e-06,-2.0383914639069172e-06
IXI019,B00046-101,3,1630.171875,44014.640625,-2.0267911663002296e-05,-2.0267911663002296e-05
IXI019,B00060-100,3,1197.65625,32336.71875,-1.3968269345125272e-05,-1.3968269345125272e-05
IXI019,B00060-101,3,1269.703125,34281.984375,-2.200108197846376e-05,-2.200108197846376e-05
IXI019,B00063-100,7,170.390625,58443.984375,-3.523018323971461e-06,-3.523018323971461e-06
IXI019,B00063-101,3,1208.234375,32622.328125,1.8575740378432937e-05,1.8575740378432937e-05
IXI019,B00078-100,3,1130.171875,30514.640625,1.7109427645818736e-05,1.7109427645818736e-05
IXI019,B00078-101,3,1196.9375,32317.3125,-3.290531458190214e-05,-3.290531458190214e-05
IXI019,B00080-100,4,625.3125,40020.0,-3.2754391674455474e-05,-3.2754391674455474e-05
IXI019,B00080-101,3,1712.625,46240.875,1.4050432258644902e-06,1.4050432258644902e-06
IXI019,B00085-100,5,437.171875,54646.484375,-1.2352209736843356e-05,-1.2352209736843356e-05
IXI019,B00085-101,5,491.96875,61496.09375,4.339655123315257e-05,4.339655123315257e-05
IXI019,B00096-100,3,1874.890625,50622.046875,-3.754715525993172e-05,-3.754715525993172e-05
IXI019,B00096-101,3,1385.234375,37401.328125,5.0922730766822915e-06,5.0922730766822915e-06
IXI020,B00005-100,7,425.09375,145807.15625,6.168675571166822e-06,6.168675571166822e-06
IXI020,B00005-101,3,426.546875,11516.765625,0.00015342632468475257,0.00015342632468475257
IXI020,B00006-100,5,624.703125,78087.890625,4.686447352193958e-06,4.686447352193958e-06
IXI020,B00006-101,5,581.84375,72730.46875,-1.603751987126902e-05,-1.603751987126902e-05
IXI020,B00008-100,6,139.484375,30128.625,-3.804279822203604e-05,-3.804279822203604e-05
IXI020,B00008-101,6,152.1875,32872.5,-3.197680104791771e-05,-3.197680104791771e-05
IXI020,B00008-102,6,270.609375,58451.625,-1.12147957072116e-05,-1.12147957072116e-05
IXI020,B00008-103,6,180.03125,38886.75,-9.506823915740354e-05,-9.506823915740354e-05
IXI020,B00009-100,3,1291.359375,34866.703125,-1.617606291605508e-05,-1.617606291605508e-05
IXI020,B00009-101,3,1471.328125,39725.859375,-7.311980938595806e-06,-7.311980938595806e-06
IXI020,B00020-100,3,1929.171875,52087.640625,3.373559141465634e-05,3.373559141465634e-05
IXI020,B00020-101,3,2127.796875,57450.515625,-1.7321631964818434e-05,-1.7321631964818434e-05
IXI020,B00027-100,4,666.5,42656.0,-5.02180936447501e-05,-5.02180936447501e-05
IXI020,B00027-101,4,661.890625,42361.0,1.9622866892546116e-05,1.9622866892546116e-05
IXI020,B00033-100,3,1340.53125,36194.34375,5.735534314045741e-06,5.735534314045741e-06
IXI020,B00033-101,3,1255.765625,33905.671875,-5.55714116702997e-06,-5.55714116702997e-06
IXI020,B00046-100,4,490.484375,31391.0,7.011184406585112e-05,7.011184406585112e-05
IXI020,B00046-101,3,1630.171875,44014.640625,-3.5878496567792674e-05,-3.5878496567792674e-05
IXI020,B00060-100,3,1197.65625,32336.71875,7.577333088264447e-05,7.577333088264447e-05
IXI020,B00060-101,3,1269.703125,34281.984375,2.2385684868775257e-05,2.2385684868775257e-05
IXI020,B00063-100,7,170.390625,58443.984375,-1.800126282254635e-06,-1.800126282254635e-06
IXI020,B00063-101,3,1208.234375,32622.328125,-1.7246301724891146e-05,-1.7246301724891146e-05
IXI020,B00078-100,3,1130.171875,30514.640625,-8.13738987379298e-06,-8.13738987379298e-06
IXI020,B00078-101,3,1196.9375,32317.3125,-2.434151152904892e-05,-2.434151152904892e-05
IXI020,B00080-100,4,625.3125,40020.0,-1.565771022438569e-05,-1.565771022438569e-05
IXI020,B00080-101,3,1712.625,46240.875,-2.0847527764437132e-05,-2.0847527764437132e-05
IXI020,B00085-100,5,437.171875,54646.484375,-6.271567748408543e-06,-6.271567748408543e-06
IXI020,B00085-101,5,491.96875,61496.09375,1.9496300814019694e-05,1.9496300814019694e-05
IXI020,B00096-100,3,1874.890625,50622.046875,-2.2677200553089374e-05,-2.2677200553089374e-05
IXI020,B00096-101,3,1385.234375,37401.328125,-6.112725877922149e-06,-6.112725877922149e-06
IXI021,B00005-100,7,425.09375,145807.15625,1.2186914354738576e-05,1.2186914354738576e-05
IXI021,B00005-101,3,426.546875,11516.765625,-4.516215537411664e-05,-4.516215537411664e-05
IXI021,B00006-100,5,624.703125,78087.890625,5.107381540399117e-06,5.107381540399117e-06
IXI021,B00006-101,5,581.84375,72730.46875,-2.4908871535234063e-06,-2.4908871535234063e-06
IXI021,B00008-100,6,139.484375,30128.625,1.9057167606431478e-05,1.9057167606431478e-05
IXI021,B00008-101,6,152.1875,32872.5,0.00012039996113878469,0.00012039996113878469
IXI021,B00008-102,6,270.609375,58451.625,3.163138519436781e-05,3.163138519436781e-05
IXI021,B00008-103,6,180.03125,38886.75,1.8933747743606413e-05,1.8933747743606413e-05
IXI021,B00009-100,3,1291.359375,34866.703125,1.8198080941596247e-05,1.8198080941596247e-05
IXI021,B00009-101,3,1471.328125,39725.859375,-3.473311528811106e-05,-3.473311528811106e-05
IXI021,B00020-100,3,1929.171875,52087.640625,1.2660489189698675e-05,1.2660489189698675e-05
IXI021,B00020-101,3,2127.796875,57450.515625,2.151631771296792e-05,2.151631771296792e-05
IXI021,B00027-100,4,666.5,42656.0,9.185535505215252e-06,9.185535505215252e-06
IXI021,B00027-101,4,661.890625,42361.0,5.540619494978336e-06,5.540619494978336e-06
IXI021,B00033-100,3,1340.53125,36194.34375,-6.623727991899382e-05,-6.623727991899382e-05
IXI021,B00033-101,3,1255.765625,33905.671875,-1.6213555307635238e-05,-1.6213555307635238e-05
IXI021,B00046-100,4,490.484375,31391.0,-5.7758082993966136e-05,-5.7758082993966136e-05
IXI021,B00046-101,3,1630.171875,44014.640625,1.1517505669244096e-05,1.1517505669244096e-05
IXI021,B00060-100,3,1197.65625,32336.71875,6.295953090931372e-05,6.295953090931372e-05
IXI021,B00060-101,3,1269.703125,34281.984375,2.1453281327114547e-05,2.1453281327114547e-05
IXI021,B00063-100,7,170.390625,58443.984375,-4.54660587468643e-06,-4.54660587468643e-06
IXI021,B00063-101,3,1208.234375,32622.328125,7.410868688736526e-06,7.410868688736526e-06
IXI021,B00078-100,3,1130.171875,30514.640625,7.02628033447525e-05,7.02628033447525e-05
IXI021,B00078-101,3,1196.9375,32317.3125,1.1099655514721563e-05,1.1099655514721563e-05
IXI021,B00080-100,4,625.3125,40020.0,2.520141167909777e-05,2.520141167909777e-05
IXI021,B00080-101,3,1712.625,46240.875,6.247193312905045e-06,6.247193312905045e-06
IXI021,B00085-100,5,437.171875,54646.484375,4.168309501753706e-05,4.168309501753706e-05
IXI021,B00085-101,5,491.96875,61496.09375,6.461784912945635e-06,6.461784912945635e-06
IXI021,B00096-100,3,1874.890625,50622.046875,-1.7292177771143465e-05,-1.7292177771143465e-05
IXI021,B00096-101,3,1385.234375,37401.328125,6.909515469208225e-06,6.909515469208225e-06
IXI022,B00005-100,7,425.09375,145807.15625,-5.958774528572791e-06,-5.958774528572791e-06
IXI022,B00005-101,3,426.546875,11516.765625,2.3311072653785766e-05,2.3311072653785766e-05
IXI022,B00006-100,5,624.703125,78087.890625,-1.3221927460779737e-05,-1.3221927460779737e-05
IXI022,B00006-101,5,581.84375,72730.46875,4.9386994780756614e-05,4.9386994780756614e-05
IXI022,B00008-100,6,139.484375,30128.625,2.4315582429078863e-05,2.4315582429078863e-05
IXI022,B00008-101,6,152.1875,32872.5,1.0743853365965778e-05,1.0743853365965778e-05
IXI022,B00008-102,6,270.609375,58451.625,-6.377320015668546e-06,-6.377320015668546e-06
IXI022,B00008-103,6,180.03125,38886.75,6.062338025995902e-05,6.062338025995902e-05
IXI022,B00009-100,3,1291.359375,34866.703125,6.242426102039482e-06,6.242426102039482e-06
IXI022,B00009-101,3,1471.328125,39725.859375,1.1166389313691464e-05,1.1166389313691464e-05
IXI022,B00020-100,3,1929.171875,52087.640625,-2.9529107538386604e-05,-2.9529107538386604e-05
IXI022,B00020-101,3,2127.796875,57450.515625,2.5471862898681995e-06,2.5471862898681995e-06
IXI022,B00027-100,4,666.5,42656.0,2.823701155414364e-05,2.823701155414364e-05
IXI022,B00027-101,4,661.890625,42361.0,-3.2913507184067065e-05,-3.2913507184067065e-05
IXI022,B00033-100,3,1340.53125,36194.34375,5.144938904792761e-05,5.144938904792761e-05
IXI022,B00033-101,3,1255.765625,33905.671875,-3.508532474073834e-05,-3.508532474073834e-05
IXI022,B00046-100,4,490.484375,31391.0,-6.391058962213535e-05,-6.391058962213535e-05
IXI022,B00046-101,3,1630.171875,44014.640625,-1.8519709397063024e-05,-1.8519709397063024e-05
IXI022,B00060-100,3,1197.65625,32336.71875,7.04381315659542e-05,7.04381315659542e-05
IXI022,B00060-101,3,1269.703125,34281.984375,-1.0362573743522378e-05,-1.0362573743522378e-05
IXI022,B00063-100,7,170.390625,58443.984375,5.620558353289126e-06,5.620558353289126e-06
IXI022,B00063-101,3,1208.234375,32622.328125,2.0853062337620937e-05,2.0853062337620937e-05
IXI022,B00078-100,3,1130.171875,30514.640625,-1.751290854329821e-05,-1.751290854329821e-05
IXI022,B00078-101,3,1196.9375,32317.3125,1.097700594663342e-05,1.097700594663342e-05
IXI022,B00080-100,4,625.3125,40020.0,-3.0150669936998022e-05,-3.0150669936998022e-05
IXI022,B00080-101,3,1712.625,46240.875,5.162212702948254e-05,5.162212702948254e-05
IXI022,B00085-100,5,437.171875,54646.484375,-6.442148592057262e-06,-6.442148592057262e-06
IXI022,B00085-101,5,491.96875,61496.09375,5.076741503029503e-06,5.076741503029503e-06
IXI022,B00096-100,3,1874.890625,50622.046875,1.7987583345676945e-06,1.7987583345676945e-06
IXI022,B00096-101,3,1385.234375,37401.328125,-3.520383583890754e-05,-3.520383583890754e-05
IXI023,B00005-100,7,425.09375,145807.15625,1.0484177329613795e-05,-1.0484177329613795e-05
IXI023,B00005-101,3,426.546875,11516.765625,-5.711298351648675e-05,5.711298351648675e-05
IXI023,B00006-100,5,624.703125,78087.890625,3.8318551648896295e-06,-3.8318551648896295e-06
IXI023,B00006-101,5,581.84375,72730.46875,-7.13713021786715e-06,7.13713021786715e-06
IXI023,B00008-100,6,139.484375,30128.625,-2.3481926662723115e-06,2.3481926662723115e-06
IXI023,B00008-101,6,152.1875,32872.5,4.748300192548546e-06,-4.748300192548546e-06
IXI023,B00008-102,6,270.609375,58451.625,-5.7305476607393445e-05,5.7305476607393445e-05
IXI023,B00008-103,6,180.03125,38886.75,1.3762124476324686e-05,-1.3762124476324686e-05
IXI023,B00009-100,3,1291.359375,34866.703125,-1.480351467504039e-05,1.480351467504039e-05
IXI023,B00009-101,3,1471.328125,39725.859375,6.902060770840295e-06,-6.902060770840295e-06
IXI023,B00020-100,3,1929.171875,52087.640625,2.6224550752304766e-05,-2.6224550752304766e-05
IXI023,B00020-101,3,2127.796875,57450.515625,1.4180676643541837e-05,-1.4180676643541837e-05
IXI023,B00027-100,4,666.5,42656.0,1.5584377265864395e-06,-1.5584377265864395e-06
IXI023,B00027-101,4,661.890625,42361.0,8.368801057339516e-06,-8.368801057339516e-06
IXI023,B00033-100,3,1340.53125,36194.34375,-1.0979039732459569e-05,1.0979039732459569e-05
IXI023,B00033-101,3,1255.765625,33905.671875,-4.745564344131199e-05,4.745564344131199e-05
IXI023,B00046-100,4,490.484375,31391.0,1.7254474638880968e-05,-1.7254474638880968e-05
IXI023,B00046-101,3,1630.171875,44014.640625,2.8641219501617414e-06,-2.8641219501617414e-06
IXI023,B00060-100,3,1197.65625,32336.71875,-8.796529247890784e-06,8.796529247890784e-06
IXI023,B00060-101,3,1269.703125,34281.984375,-7.799293470918783e-06,7.799293470918783e-06
IXI023,B00063-100,7,170.390625,58443.984375,1.1910753446876117e-05,-1.1910753446876117e-05
IXI023,B00063-101,3,1208.234375,32622.328125,-1.727675116086971e-05,1.727675116086971e-05
IXI023,B00078-100,3,1130.171875,30514.640625,-4.014191663845078e-06,4.014191663845078e-06
IXI023,B00078-101,3,1196.9375,32317.3125,-5.352379100553301e-05,5.352379100553301e-05
IXI023,B00080-100,4,625.3125,40020.0,-7.975757058709171e-06,7.975757058709171e-06
IXI023,B00080-101,3,1712.625,46240.875,-3.615894472355747e-05,3.615894472355747e-05
IXI023,B00085-100,5,437.171875,54646.484375,-1.2783067294970968e-06,1.2783067294970968e-06
IXI023,B00085-101,5,491.96875,61496.09375,1.8526637043018846e-06,-1.8526637043018846e-06
IXI023,B00096-100,3,1874.890625,50622.046875,-1.2756250560287787e-06,1.2756250560287787e-06
IXI023,B00096-101,3,1385.234375,37401.328125,8.208230613985422e-06,-8.208230613985422e-06
IXI024,B00005-100,7,425.09375,145807.15625,-1.5797868774468914e-05,1.5797868774468914e-05
IXI024,B00005-101,3,426.546875,11516.765625,4.179177064952264e-05,-4.179177064952264e-05
IXI024,B00006-100,5,624.703125,78087.890625,-4.447264943629724e-06,4.447264943629724e-06
IXI024,B00006-101,5,581.84375,72730.46875,-7.250043822371365e-08,7.250043822371365e-08
IXI024,B00008-100,6,139.484375,30128.625,3.589715331580002e-05,-3.589715331580002e-05
IXI024,B00008-101,6,152.1875,32872.5,-1.8656695872147806e-05,1.8656695872147806e-05
IXI024,B00008-102,6,270.609375,58451.625,2.2359012762935803e-05,-2.2359012762935803e-05
IXI024,B00008-103,6,180.03125,38886.75,-6.291351908141667e-06,6.291351908141667e-06
IXI024,B00009-100,3,1291.359375,34866.703125,-1.0615446496906462e-05,1.0615446496906462e-05
IXI024,B00009-101,3,1471.328125,39725.859375,-4.7191774870313765e-06,4.7191774870313765e-06
IXI024,B00020-100,3,1929.171875,52087.640625,-7.366133782946099e-05,7.366133782946099e-05
IXI024,B00020-101,3,2127.796875,57450.515625,-4.306297962800749e-05,4.306297962800749e-05
IXI024,B00027-100,4,666.5,42656.0,-3.4490831075969914e-05,3.4490831075969914e-05
IXI024,B00027-101,4,661.890625,42361.0,6.327443801183238e-06,-6.327443801183238e-06
IXI024,B00033-100,3,1340.53125,36194.34375,-8.228755066259928e-06,8.228755066259928e-06
IXI024,B00033-101,3,1255.765625,33905.671875,7.554928362541038e-05,-4.2084512018496055e-05
IXI024,B00046-100,4,490.484375,31391.0,2.1189909801452708e-05,-2.1189909801452708e-05
IXI024,B00046-101,3,1630.171875,44014.640625,-4.2288048487413594e-05,4.2288048487413594e-05
IXI024,B00060-100,3,1197.65625,32336.71875,3.032183744003765e-06,-3.032183744003765e-06
IXI024,B00060-101,3,1269.703125,34281.984375,-2.600826353062889e-05,2.600826353062889e-05
IXI024,B00063-100,7,170.390625,58443.984375,2.864382171186999e-06,-2.864382171186999e-06
IXI024,B00063-101,3,1208.234375,32622.328125,6.010369081236184e-05,-6.010369081236184e-05
IXI024,B00078-100,3,1130.171875,30514.640625,-3.873798164377981e-05,3.873798164377981e-05
IXI024,B00078-101,3,1196.9375,32317.3125,1.183649224496994e-06,-1.183649224496994e-06
IXI024,B00080-100,4,625.3125,40020.0,8.903067127524021e-06,-8.903067127524021e-06
IXI024,B00080-101,3,1712.625,46240.875,-5.953127589589995e-06,5.953127589589995e-06
IXI024,B00085-100,5,437.171875,54646.484375,-9.21886498057927e-06,9.21886498057927e-06
IXI024,B00085-101,5,491.96875,61496.09375,-7.966612216915147e-06,7.966612216915147e-06
IXI024,B00096-100,3,1874.890625,50622.046875,-2.6503512889080622e-05,2.6503512889080622e-05
IXI024,B00096-101,3,1385.234375,37401.328125,2.5711387896031283e-05,-2.5711387896031283e-05
IXI025,B00005-100,7,425.09375,145807.15625,-7.149607136940984e-06,-7.149607136940984e-06
IXI025,B00005-101,3,426.546875,11516.765625,3.6972340880679035e-05,3.6972340880679035e-05
IXI025,B00006-100,5,624.703125,78087.890625,-1.60229770738791e-05,-1.60229770738791e-05
IXI025,B00006-101,5,581.84375,72730.46875,-6.000047247006404e-06,-6.000047247006404e-06
IXI025,B00008-100,6,139.484375,30128.625,4.783349184516535e-05,4.783349184516535e-05
IXI025,B00008-101,6,152.1875,32872.5,-9.352678265855193e-05,-9.352678265855193e-05
IXI025,B00008-102,6,270.609375,58451.625,-1.1717897795053753e-05,-1.1717897795053753e-05
IXI025,B00008-103,6,180.03125,38886.75,-5.851765250851613e-05,-5.851765250851613e-05
IXI025,B00009-100,3,1291.359375,34866.703125,6.740157631067148e-05,6.740157631067148e-05
IXI025,B00009-101,3,1471.328125,39725.859375,-3.2410045960819355e-05,-3.2410045960819355e-05
IXI025,B00020-100,3,1929.171875,52087.640625,-8.69814436290873e-06,-8.69814436290873e-06
IXI025,B00020-101,3,2127.796875,57450.515625,1.2310873740724477e-05,1.2310873740724477e-05
IXI025,B00027-100,4,666.5,42656.0,6.207019495459631e-05,6.207019495459631e-05
IXI025,B00027-101,4,661.890625,42361.0,-2.6244057794140192e-05,-2.6244057794140192e-05
IXI025,B00033-100,3,1340.53125,36194.34375,-1.8509318930079239e-06,-1.8509318930079239e-06
IXI025,B00033-101,3,1255.765625,33905.671875,3.283662284508291e-05,3.283662284508291e-05
IXI025,B00046-100,4,490.484375,31391.0,4.0684460234252915e-06,4.0684460234252915e-06
IXI025,B00046-101,3,1630.171875,44014.640625,-3.164123702976584e-05,-3.164123702976584e-05
IXI025,B00060-100,3,1197.65625,32336.71875,-2.0677932627679107e-05,-2.0677932627679107e-05
IXI025,B00060-101,3,1269.703125,34281.984375,2.0105017316481794e-06,2.0105017316481794e-06
IXI025,B00063-100,7,170.390625,58443.984375,-1.1698523094266451e-06,-1.1698523094266451e-06
IXI025,B00063-101,3,1208.234375,32622.328125,5.01051893633602e-05,5.01051893633602e-05
IXI025,B00078-100,3,1130.171875,30514.640625,5.225165737836144e-05,5.225165737836144e-05
IXI025,B00078-101,3,1196.9375,32317.3125,-2.095919402965254e-05,-2.095919402965254e-05
IXI025,B00080-100,4,625.3125,40020.0,1.8423280410004217e-05,1.8423280410004217e-05
IXI025,B00080-101,3,1712.625,46240.875,2.754919288465863e-05,2.754919288465863e-05
IXI025,B00085-100,5,437.171875,54646.484375,6.902319816997389e-06,6.902319816997389e-06
IXI025,B00085-101,5,491.96875,61496.09375,-6.597351283186388e-06,-6.597351283186388e-06
IXI025,B00096-100,3,1874.890625,50622.046875,-3.117810601566851e-05,-3.117810601566851e-05
IXI025,B00096-101,3,1385.234375,37401.328125,9.946630413817815e-06,9.946630413817815e-06
IXI026,B00005-100,7,425.09375,145807.15625,-5.278401958617283e-06,-5.278401958617283e-06
IXI026,B00005-101,3,426.546875,11516.765625,-2.4216117846989505e-05,-2.4216117846989505e-05
IXI026,B00006-100,5,624.703125,78087.890625,-6.2642539806985504e-06,-6.2642539806985504e-06
IXI026,B00006-101,5,581.84375,72730.46875,5.712638393279225e-06,5.712638393279225e-06
IXI026,B00008-100,6,139.484375,30128.625,2.6400883530427634e-05,2.6400883530427634e-05
IXI026,B00008-101,6,152.1875,32872.5,-2.5516062610981872e-06,-2.5516062610981872e-06
IXI026,B00008-102,6,270.609375,58451.625,-1.1515421911659924e-05,-1.1515421911659924e-05
IXI026,B00008-103,6,180.03125,38886.75,6.0649824397055665e-06,6.0649824397055665e-06
IXI026,B00009-100,3,1291.359375,34866.703125,-3.111333958638042e-05,-3.111333958638042e-05
IXI026,B00009-101,3,1471.328125,39725.859375,-2.0399951302125553e-05,-2.0399951302125553e-05
IXI026,B00020-100,3,1929.171875,52087.640625,-3.84721513033635e-05,-3.84721513033635e-05
IXI026,B00020-101,3,2127.796875,57450.515625,2.2162339063076703e-05,2.2162339063076703e-05
IXI026,B00027-100,4,666.5,42656.0,-3.332031124936046e-05,-3.332031124936046e-05
IXI026,B00027-101,4,661.890625,42361.0,-5.788483766597103e-05,-5.788483766597103e-05
IXI026,B00033-100,3,1340.53125,36194.34375,2.6267781350084776e-05,2.6267781350084776e-05
IXI026,B00033-101,3,1255.765625,33905.671875,9.430917572256001e-06,9.430917572256001e-06
IXI026,B00046-100,4,490.484375,31391.0,-2.7327855637539094e-05,-2.7327855637539094e-05
IXI026,B00046-101,3,1630.171875,44014.640625,-0.0001177428196945008,-2.280938541489778e-05
IXI026,B00060-100,3,1197.65625,32336.71875,1.01725455089326e-05,1.01725455089326e-05
IXI026,B00060-101,3,1269.703125,34281.984375,2.8537588417268853e-05,2.8537588417268853e-05
IXI026,B00063-100,7,170.390625,58443.984375,-5.513750082922478e-05,-5.513750082922478e-05
IXI026,B00063-101,3,1208.234375,32622.328125,5.829084735721367e-07,5.829084735721367e-07
IXI026,B00078-100,3,1130.171875,30514.640625,-1.6988231588192092e-05,-1.6988231588192092e-05
IXI026,B00078-101,3,1196.9375,32317.3125,-8.809464531805988e-06,-8.809464531805988e-06
IXI026,B00080-100,4,625.3125,40020.0,6.388853439389102e-05,6.388853439389102e-05
IXI026,B00080-101,3,1712.625,46240.875,-0.00011210921169201263,2.6232602081529878e-05
IXI026,B00085-100,5,437.171875,54646.484375,4.336514060232367e-05,4.336514060232367e-05
IXI026,B00085-101,5,491.96875,61496.09375,-2.411333859551195e-05,-1.799202481451613e-05
IXI026,B00096-100,3,1874.890625,50622.046875,-2.5418067619321898e-05,-2.5418067619321898e-05
IXI026,B00096-101,3,1385.234375,37401.328125,-1.7993604234678677e-06,-1.7993604234678677e-06
IXI027,B00005-100,7,425.09375,145807.15625,2.2142813233086764e-06,1.0485702249628198e-06
IXI027,B00005-101,3,426.546875,11516.765625,0.00033184318612848655,0.00033184318612848655
IXI027,B00006-100,5,624.703125,78087.890625,-3.809950230690665e-05,2.9046309134833044e-05
IXI027,B00006-101,5,581.84375,72730.46875,-8.256767733044676e-06,7.805824668372155e-06
IXI027,B00008-100,6,139.484375,30128.625,4.44490424360865e-05,-1.2450853832174442e-05
IXI027,B00008-101,6,152.1875,32872.5,9.946116012660881e-06,9.946116012660881e-06
IXI027,B00008-102,6,270.609375,58451.625,-8.048226493446812e-06,4.639696087408252e-06
IXI027,B00008-103,6,180.03125,38886.75,-1.529911170812831e-06,-2.9276895509659994e-07
IXI027,B00009-100,3,1291.359375,34866.703125,-6.482053240210098e-06,-6.482053240210098e-06
IXI027,B00009-101,3,1471.328125,39725.859375,-5.0113701792404544e-05,2.459495545796114e-05
IXI027,B00020-100,3,1929.171875,52087.640625,-2.7053147491442785e-05,1.8741696676616728e-05
IXI027,B00020-101,3,2127.796875,57450.515625,-2.0336734081592903e-05,1.816371110876764e-05
IXI027,B00027-100,4,666.5,42656.0,-6.862349311177172e-05,5.7484635444514045e-05
IXI027,B00027-101,4,661.890625,42361.0,-1.3970479952202007e-05,-1.3970479952202007e-05
IXI027,B00033-100,3,1340.53125,36194.34375,-1.6279729538453744e-05,1.2557842749019855e-05
IXI027,B00033-101,3,1255.765625,33905.671875,-3.9023869803844736e-05,2.159480147175451e-05
IXI027,B00046-100,4,490.484375,31391.0,-3.718931479574206e-05,-3.718931479574206e-05
IXI027,B00046-101,3,1630.171875,44014.640625,-1.4695338905166365e-05,-1.6671272994958423e-05
IXI027,B00060-100,3,1197.65625,32336.71875,-2.911849729523262e-06,-2.8912353629720907e-06
IXI027,B00060-101,3,1269.703125,34281.984375,8.994311148423519e-05,8.194623199812684e-05
IXI027,B00063-100,7,170.390625,58443.984375,-1.4910466032714567e-05,2.6638117093092477e-06
IXI027,B00063-101,3,1208.234375,32622.328125,-2.4602492664609313e-05,-2.0284248328767086e-05
IXI027,B00078-100,3,1130.171875,30514.640625,-8.125217472071177e-06,-8.125217472071177e-06
IXI027,B00078-101,3,1196.9375,32317.3125,9.222073714252913e-06,9.222073714252913e-06
IXI027,B00080-100,4,625.3125,40020.0,-1.428390139658204e-05,1.9987269156137397e-07
IXI027,B00080-101,3,1712.625,46240.875,-2.939271037602209e-05,5.9344804869739365e-06
IXI027,B00085-100,5,437.171875,54646.484375,-5.602760244251688e-06,-5.602760244251688e-06
IXI027,B00085-101,5,491.96875,61496.09375,-1.965712466307185e-06,-2.562329471291473e-06
IXI027,B00096-100,3,1874.890625,50622.046875,-3.2354619581169867e-05,1.8789454638376157e-05
IXI027,B00096-101,3,1385.234375,37401.328125,1.811367486666144e-05,1.7375292546811312e-05
IXI028,B00005-100,7,425.09375,145807.15625,2.709043892312465e-06,2.709043892312465e-06
IXI028,B00005-101,3,426.546875,11516.765625,1.6578787112797442e-05,1.6578787112797442e-05
IXI028,B00006-100,5,624.703125,78087.890625,-2.16099952578535e-06,-2.16099952578535e-06
IXI028,B00006-101,5,581.84375,72730.46875,-2.0383819999038492e-06,-2.0383819999038492e-06
IXI028,B00008-100,6,139.484375,30128.625,-1.0142568087308118e-05,-1.0142568087308118e-05
IXI028,B00008-101,6,152.1875,32872.5,-1.5256522591773887e-05,-1.5256522591773887e-05
IXI028,B00008-102,6,270.609375,58451.625,-9.203134880853394e-07,-9.203134880853394e-07
IXI028,B00008-103,6,180.03125,38886.75,-2.4404518369100972e-05,-2.4404518369100972e-05
IXI028,B00009-100,3,1291.359375,34866.703125,-1.146164674134641e-05,-1.146164674134641e-05
IXI028,B00009-101,3,1471.328125,39725.859375,-4.092326241729813e-05,-1.909161805854198e-05
IXI028,B00020-100,3,1929.171875,52087.640625,-5.8941852492224325e-05,-5.8941852492224325e-05
IXI028,B00020-101,3,2127.796875,57450.515625,-1.5195080215960262e-06,-1.5195080215960262e-06
IXI028,B00027-100,4,666.5,42656.0,2.1448828734380466e-05,2.1448828734380466e-05
IXI028,B00027-101,4,661.890625,42361.0,3.3461809102653336e-05,3.3461809102653336e-05
IXI028,B00033-100,3,1340.53125,36194.34375,-5.265692960795056e-06,-5.265692960795056e-06
IXI028,B00033-101,3,1255.765625,33905.671875,-4.5113857085574035e-05,-4.5113857085574035e-05
IXI028,B00046-100,4,490.484375,31391.0,-7.342494164238613e-06,-7.342494164238613e-06
IXI028,B00046-101,3,1630.171875,44014.640625,-1.8798444877229184e-05,-1.8798444877229184e-05
IXI028,B00060-100,3,1197.65625,32336.71875,-6.22993948960798e-06,-6.22993948960798e-06
IXI028,B00060-101,3,1269.703125,34281.984375,3.0341412001611923e-06,-3.6386041039399914e-06
IXI028,B00063-100,7,170.390625,58443.984375,-6.0943837404989205e-06,-6.0943837404989205e-06
IXI028,B00063-101,3,1208.234375,32622.328125,8.00757520601868e-06,8.00757520601868e-06
IXI028,B00078-100,3,1130.171875,30514.640625,1.768776827156831e-05,1.768776827156831e-05
IXI028,B00078-101,3,1196.9375,32317.3125,-1.0770096681476706e-05,-1.0770096681476706e-05
IXI028,B00080-100,4,625.3125,40020.0,-2.4989531008554396e-05,-2.4989531008554396e-05
IXI028,B00080-101,3,1712.625,46240.875,-5.0170623509757384e-05,-3.26805786659397e-05
IXI028,B00085-100,5,437.171875,54646.484375,-1.3688891720350834e-05,-1.3688891720350834e-05
IXI028,B00085-101,5,491.96875,61496.09375,-1.186234859901057e-05,-1.186234859901057e-05
IXI028,B00096-100,3,1874.890625,50622.046875,-6.582026677154684e-06,-6.582026677154684e-06
IXI028,B00096-101,3,1385.234375,37401.328125,6.5523546954471654e-06,6.5523546954471654e-06
IXI029,B00005-100,7,425.09375,145807.15625,4.3581612236796695e-07,4.3581612236796695e-07
IXI029,B00005-101,3,426.546875,11516.765625,-2.8712913006143005e-05,-2.8712913006143005e-05
IXI029,B00006-100,5,624.703125,78087.890625,2.951893652853726e-05,2.951893652853726e-05
IXI029,B00006-101,5,581.84375,72730.46875,-1.1772380878484821e-06,-1.1772380878484821e-06
IXI029,B00008-100,6,139.484375,30128.625,-5.057641458771431e-05,-5.057641458771431e-05
IXI029,B00008-101,6,152.1875,32872.5,-3.3959287707836584e-05,-3.3959287707836584e-05
IXI029,B00008-102,6,270.609375,58451.625,-1.5408917787959745e-05,-1.5408917787959745e-05
IXI029,B00008-103,6,180.03125,38886.75,1.7437713066964375e-05,1.7437713066964375e-05
IXI029,B00009-100,3,1291.359375,34866.703125,1.5657689727067218e-05,1.5657689727067218e-05
IXI029,B00009-101,3,1471.328125,39725.859375,-8.096968522104587e-05,-8.096968522104587e-05
IXI029,B00020-100,3,1929.171875,52087.640625,3.557021052038557e-05,3.557021052038557e-05
IXI029,B00020-101,3,2127.796875,57450.515625,-3.41047410016366e-05,-3.41047410016366e-05
IXI029,B00027-100,4,666.5,42656.0,3.345444227165579e-05,3.345444227165579e-05
IXI029,B00027-101,4,661.890625,42361.0,1.5348419378802125e-05,1.5348419378802125e-05
IXI029,B00033-100,3,1340.53125,36194.34375,1.1687961282563373e-05,1.1687961282563373e-05
IXI029,B00033-101,3,1255.765625,33905.671875,-4.111636183077918e-05,-4.111636183077918e-05
IXI029,B00046-100,4,490.484375,31391.0,4.722678389416575e-05,4.722678389416575e-05
IXI029,B00046-101,3,1630.171875,44014.640625,-3.5462026907455776e-05,-3.5462026907455776e-05
IXI029,B00060-100,3,1197.65625,32336.71875,1.7685543458282507e-05,1.7685543458282507e-05
IXI029,B00060-101,3,1269.703125,34281.984375,2.358543893861963e-05,2.358543893861963e-05
IXI029,B00063-100,7,170.390625,58443.984375,-9.98177832403442e-07,-9.98177832403442e-07
IXI029,B00063-101,3,1208.234375,32622.328125,-1.2014897486008178e-05,-1.2014897486008178e-05
IXI029,B00078-100,3,1130.171875,30514.640625,3.248496021703797e-05,3.248496021703797e-05
IXI029,B00078-101,3,1196.9375,32317.3125,-2.198312855869831e-06,-2.198312855869831e-06
IXI029,B00080-100,4,625.3125,40020.0,-2.6386338211647456e-06,-2.6386338211647456e-06
IXI029,B00080-101,3,1712.625,46240.875,3.604117133039846e-05,3.604117133039846e-05
IXI029,B00085-100,5,437.171875,54646.484375,-8.23451544384944e-06,-8.23451544384944e-06
IXI029,B00085-101,5,491.96875,61496.09375,2.670400135673072e-06,2.670400135673072e-06
IXI029,B00096-100,3,1874.890625,50622.046875,-7.374243792213843e-05,-6.107536687508374e-06
IXI029,B00096-101,3,1385.234375,37401.328125,-6.013735907800903e-06,-6.013735907800903e-06
IXI030,B00005-100,7,425.09375,145807.15625,1.2447411923436595e-05,1.2447411923436595e-05
IXI030,B00005-101,3,426.546875,11516.765625,-2.640564617043217e-05,-6.947910323620091e-05
IXI030,B00006-100,5,624.703125,78087.890625,-1.70349763876051e-05,-4.971263486167066e-06
IXI030,B00006-101,5,581.84375,72730.46875,1.0618430747028216e-07,-5.222601199599331e-06
IXI030,B00008-100,6,139.484375,30128.625,-2.192815575463607e-05,-2.192815575463607e-05
IXI030,B00008-101,6,152.1875,32872.5,1.318330452957949e-05,-8.534946010976833e-06
IXI030,B00008-102,6,270.609375,58451.625,-1.0623034718326726e-05,-3.258924081370677e-06
IXI030,B00008-103,6,180.03125,38886.75,1.3953483839346506e-05,-7.88862174548987e-06
IXI030,B00009-100,3,1291.359375,34866.703125,2.1175531400369917e-06,-2.1175531400369917e-06
IXI030,B00009-101,3,1471.328125,39725.859375,-5.514431849818103e-06,-5.514431849818103e-06
IXI030,B00020-100,3,1929.171875,52087.640625,-1.748908181205012e-05,1.748908181205012e-05
IXI030,B00020-101,3,2127.796875,57450.515625,-9.261884473713708e-06,-4.889131943078595e-06
IXI030,B00027-100,4,666.5,42656.0,-1.219435256303612e-05,-3.100602374309786e-06
IXI030,B00027-101,4,661.890625,42361.0,-1.738805088243822e-05,-5.068771697071936e-06
IXI030,B00033-100,3,1340.53125,36194.34375,-9.50852929611564e-06,4.850384204600261e-06
IXI030,B00033-101,3,1255.765625,33905.671875,3.288643287532396e-05,3.288643287532396e-05
IXI030,B00046-100,4,490.484375,31391.0,-1.7346114901947297e-05,-1.71952422855076e-05
IXI030,B00046-101,3,1630.171875,44014.640625,4.947465638871106e-05,3.474433034373959e-05
IXI030,B00060-100,3,1197.65625,32336.71875,-3.7640800798636284e-05,3.7640800798636284e-05
IXI030,B00060-101,3,1269.703125,34281.984375,1.9866187397935564e-05,-7.485276725763684e-06
IXI030,B00063-100,7,170.390625,58443.984375,-7.440006852718866e-06,-1.06024821282367e-05
IXI030,B00063-101,3,1208.234375,32622.328125,1.8192467991460825e-05,-1.1442885347100384e-05
IXI030,B00078-100,3,1130.171875,30514.640625,6.09229928312216e-06,-6.09229928312216e-06
IXI030,B00078-101,3,1196.9375,32317.3125,-3.881323508920502e-06,-6.0052595311407106e-06
IXI030,B00080-100,4,625.3125,40020.0,1.8050154838898545e-06,-1.1165507038707604e-05
IXI030,B00080-101,3,1712.625,46240.875,-4.209614896843878e-06,-4.209614896843878e-06
IXI030,B00085-100,5,437.171875,54646.484375,-1.4477344575185141e-05,-1.5145895472272347e-05
IXI030,B00085-101,5,491.96875,61496.09375,-8.5376654133585e-06,8.5376654133585e-06
IXI030,B00096-100,3,1874.890625,50622.046875,6.42393259312134e-05,6.342188644087918e-05
IXI030,B00096-101,3,1385.234375,37401.328125,2.476148980263988e-05,1.071986684135139e-05
IXI031,B00005-100,7,425.09375,145807.15625,-1.1031407945255116e-05,-1.1031407945255116e-05
IXI031,B00005-101,3,426.546875,11516.765625,-6.266506028290353e-05,-6.266506028290353e-05
IXI031,B00006-100,5,624.703125,78087.890625,-8.571995316639721e-06,-8.571995316639721e-06
IXI031,B00006-101,5,581.84375,72730.46875,6.781247818250568e-06,6.781247818250568e-06
IXI031,B00008-100,6,139.484375,30128.625,9.599460157629619e-05,1.8313648394145083e-05
IXI031,B00008-101,6,152.1875,32872.5,-6.61440097028975e-05,-6.61440097028975e-05
IXI031,B00008-102,6,270.609375,58451.625,3.5076049341180218e-06,3.5076049341180218e-06
IXI031,B00008-103,6,180.03125,38886.75,8.73441470256699e-06,8.73441470256699e-06
IXI031,B00009-100,3,1291.359375,34866.703125,5.0769165298436595e-05,5.0769165298436595e-05
IXI031,B00009-101,3,1471.328125,39725.859375,-2.9088112115415174e-05,-2.9088112115415174e-05
IXI031,B00020-100,3,1929.171875,52087.640625,-6.486234293396348e-06,-6.486234293396348e-06
IXI031,B00020-101,3,2127.796875,57450.515625,2.5987589701059214e-05,2.5987589701059214e-05
IXI031,B00027-100,4,666.5,42656.0,-1.3753815441308058e-05,-1.3753815441308058e-05
IXI031,B00027-101,4,661.890625,42361.0,2.727309683978484e-05,2.727309683978484e-05
IXI031,B00033-100,3,1340.53125,36194.34375,5.0185579050525514e-05,5.0185579050525514e-05
IXI031,B00033-101,3,1255.765625,33905.671875,-2.4986141477682872e-05,-2.4986141477682872e-05
IXI031,B00046-100,4,490.484375,31391.0,-7.635281588718547e-05,-7.635281588718547e-05
IXI031,B00046-101,3,1630.171875,44014.640625,-1.0886039867482995e-05,-1.0886039867482995e-05
IXI031,B00060-100,3,1197.65625,32336.71875,-3.111116223920894e-05,-3.111116223920894e-05
IXI031,B00060-101,3,1269.703125,34281.984375,1.5307521817190878e-05,1.5307521817190878e-05
IXI031,B00063-100,7,170.390625,58443.984375,-1.2333064597405683e-06,-1.2333064597405683e-06
IXI031,B00063-101,3,1208.234375,32622.328125,1.6971634917424063e-05,1.6971634917424063e-05
IXI031,B00078-100,3,1130.171875,30514.640625,3.190842345322994e-05,3.190842345322994e-05
IXI031,B00078-101,3,1196.9375,32317.3125,1.1180241009874817e-05,1.1180241009874817e-05
IXI031,B00080-100,4,625.3125,40020.0,5.520707428712582e-06,5.520707428712582e-06
IXI031,B00080-101,3,1712.625,46240.875,-0.00010636307951873498,-5.1247282368810855e-05
IXI031,B00085-100,5,437.171875,54646.484375,2.8202095666346225e-05,2.8202095666346225e-05
IXI031,B00085-101,5,491.96875,61496.09375,-6.043463116687204e-06,-6.043463116687204e-06
IXI031,B00096-100,3,1874.890625,50622.046875,-1.3425415193418569e-05,-1.3425415193418569e-05
IXI031,B00096-101,3,1385.234375,37401.328125,7.039716624534057e-05,7.039716624534057e-05
IXI033,B00005-100,7,425.09375,145807.15625,-3.2559067752653396e-06,3.3454216748974346e-06
IXI033,B00005-101,3,426.546875,11516.765625,3.919540330844079e-05,-3.919540330844079e-05
IXI033,B00006-100,5,624.703125,78087.890625,-9.125337653768613e-06,9.125337653768613e-06
IXI033,B00006-101,5,581.84375,72730.46875,5.640879846779105e-06,-5.640879846779105e-06
IXI033,B00008-100,6,139.484375,30128.625,-1.2397121624284086e-05,1.2397121624284086e-05
IXI033,B00008-101,6,152.1875,32872.5,2.1282400604596254e-07,-2.1282400604596254e-07
IXI033,B00008-102,6,270.609375,58451.625,-1.1093661570279406e-05,1.1093661570279406e-05
IXI033,B00008-103,6,180.03125,38886.75,-3.966370925452531e-05,-5.8738837116349635e-06
IXI033,B00009-100,3,1291.359375,34866.703125,1.1508830306514946e-05,-1.1508830306514946e-05
IXI033,B00009-101,3,1471.328125,39725.859375,1.8613778036847845e-05,-1.8613778036847845e-05
IXI033,B00020-100,3,1929.171875,52087.640625,9.292185502225817e-05,-2.2700822162798318e-05
IXI033,B00020-101,3,2127.796875,57450.515625,-2.964629710838447e-06,2.964629710838447e-06
IXI033,B00027-100,4,666.5,42656.0,2.9296204804339187e-05,-2.9296204804339187e-05
IXI033,B00027-101,4,661.890625,42361.0,-4.9003755506935365e-05,4.9003755506935365e-05
IXI033,B00033-100,3,1340.53125,36194.34375,-3.462521468294154e-05,3.462521468294154e-05
IXI033,B00033-101,3,1255.765625,33905.671875,3.1503529748042585e-05,-3.1503529748042585e-05
IXI033,B00046-100,4,490.484375,31391.0,4.518678954032264e-06,-4.518678954032264e-06
IXI033,B00046-101,3,1630.171875,44014.640625,1.2580731184339954e-05,-1.2580731184339954e-05
IXI033,B00060-100,3,1197.65625,32336.71875,4.1194754084182105e-06,-4.1194754084182105e-06
IXI033,B00060-101,3,1269.703125,34281.984375,-2.2235062370816414e-05,2.2235062370816414e-05
IXI033,B00063-100,7,170.390625,58443.984375,-9.248787494309781e-06,9.248787494309781e-06
IXI033,B00063-101,3,1208.234375,32622.328125,-3.2431884483966904e-05,3.2431884483966904e-05
IXI033,B00078-100,3,1130.171875,30514.640625,1.1926548538253839e-05,-1.1926548538253839e-05
IXI033,B00078-101,3,1196.9375,32317.3125,-2.6499885902413895e-05,2.6499885902413895e-05
IXI033,B00080-100,4,625.3125,40020.0,-2.085109077260539e-05,2.085109077260539e-05
IXI033,B00080-101,3,1712.625,46240.875,-7.66750662632603e-06,7.66750662632603e-06
IXI033,B00085-100,5,437.171875,54646.484375,3.401140488255003e-06,-3.401140488255003e-06
IXI033,B00085-101,5,491.96875,61496.09375,-4.135598209864793e-06,4.135598209864793e-06
IXI033,B00096-100,3,1874.890625,50622.046875,-1.1030966861648923e-05,1.1030966861648923e-05
IXI033,B00096-101,3,1385.234375,37401.328125,8.447083626361008e-06,-8.447083626361008e-06
IXI034,B00005-100,7,425.09375,145807.15625,-5.50194616281291e-06,-5.50194616281291e-06
IXI034,B00005-101,3,426.546875,11516.765625,1.5609860033729325e-05,1.5609860033729325e-05
IXI034,B00006-100,5,624.703125,78087.890625,7.039562772104998e-06,7.039562772104998e-06
IXI034,B00006-101,5,581.84375,72730.46875,1.139654812544401e-05,1.139654812544401e-05
IXI034,B00008-100,6,139.484375,30128.625,6.653563480254633e-06,-8.608553395320947e-07
IXI034,B00008-101,6,152.1875,32872.5,-4.4564049069225756e-05,-4.4564049069225756e-05
IXI034,B00008-102,6,270.609375,58451.625,-5.8622167545191515e-06,-5.8622167545191515e-06
IXI034,B00008-103,6,180.03125,38886.75,-2.3607541961668278e-05,-2.3607541961668278e-05
IXI034,B00009-100,3,1291.359375,34866.703125,1.2032104322804883e-05,1.2032104322804883e-05
IXI034,B00009-101,3,1471.328125,39725.859375,-4.053792258974156e-06,-4.053792258974156e-06
IXI034,B00020-100,3,1929.171875,52087.640625,-1.0558319048009249e-05,-1.0558319048009249e-05
IXI034,B00020-101,3,2127.796875,57450.515625,1.6616478822823376e-05,1.6616478822823376e-05
IXI034,B00027-100,4,666.5,42656.0,-2.7433467781171234e-05,-2.7433467781171234e-05
IXI034,B00027-101,4,661.890625,42361.0,9.895702700409581e-05,9.895702700409581e-05
IXI034,B00033-100,3,1340.53125,36194.34375,7.077475700821046e-06,7.077475700821046e-06
IXI034,B00033-101,3,1255.765625,33905.671875,-1.589817684163835e-05,-1.589817684163835e-05
IXI034,B00046-100,4,490.484375,31391.0,2.4734523033745415e-05,2.4734523033745415e-05
IXI034,B00046-101,3,1630.171875,44014.640625,-2.9371153041338454e-06,-2.9371153041338454e-06
IXI034,B00060-100,3,1197.65625,32336.71875,-2.2895998673744924e-05,-2.2895998673744924e-05
IXI034,B00060-101,3,1269.703125,34281.984375,1.9173723356858323e-05,1.9173723356858323e-05
IXI034,B00063-100,7,170.390625,58443.984375,-1.2980920611210024e-05,-1.2980920611210024e-05
IXI034,B00063-101,3,1208.234375,32622.328125,-3.2139926109875526e-05,-3.2139926109875526e-05
IXI034,B00078-100,3,1130.171875,30514.640625,1.4512460403984948e-06,1.4512460403984948e-06
IXI034,B00078-101,3,1196.9375,32317.3125,9.83542794961013e-05,9.83542794961013e-05
IXI034,B00080-100,4,625.3125,40020.0,1.6842457432371894e-07,1.6842457432371894e-07
IXI034,B00080-101,3,1712.625,46240.875,-1.0685383693814322e-05,-1.0685383693814322e-05
IXI034,B00085-100,5,437.171875,54646.484375,1.5212369981459658e-05,1.5212369981459658e-05
IXI034,B00085-101,5,491.96875,61496.09375,-2.3998614609533304e-05,-2.3998614609533304e-05
IXI034,B00096-100,3,1874.890625,50622.046875,-8.678300709346113e-06,-8.678300709346113e-06
IXI034,B00096-101,3,1385.234375,37401.328125,1.320856719713827e-07,1.320856719713827e-07
IXI035,B00005-100,7,425.09375,145807.15625,-6.011633756465243e-06,-6.011633756465243e-06
IXI035,B00005-101,3,426.546875,11516.765625,4.0159324234083647e-07,4.0159324234083647e-07
IXI035,B00006-100,5,624.703125,78087.890625,5.753746311499887e-05,5.753746311499887e-05
IXI035,B00006-101,5,581.84375,72730.46875,7.919874337436987e-05,7.919874337436987e-05
IXI035,B00008-100,6,139.484375,30128.625,-2.2213867054569864e-05,-2.2213867054569864e-05
IXI035,B00008-101,6,152.1875,32872.5,7.723249401359792e-06,7.723249401359792e-06
IXI035,B00008-102,6,270.609375,58451.625,1.4117530321948887e-05,1.4117530321948887e-05
IXI035,B00008-103,6,180.03125,38886.75,-2.0851483965020825e-06,-2.0851483965020825e-06
IXI035,B00009-100,3,1291.359375,34866.703125,1.875405637515664e-05,1.875405637515664e-05
IXI035,B00009-101,3,1471.328125,39725.859375,-1.462531931577734e-05,-1.462531931577734e-05
IXI035,B00020-100,3,1929.171875,52087.640625,1.3931264609278752e-05,1.3931264609278752e-05
IXI035,B00020-101,3,2127.796875,57450.515625,-6.1389658614337695e-06,-6.1389658614337695e-06
IXI035,B00027-100,4,666.5,42656.0,-4.195613756995722e-06,-4.195613756995722e-06
IXI035,B00027-101,4,661.890625,42361.0,-1.1602667844297962e-05,-1.1602667844297962e-05
IXI035,B00033-100,3,1340.53125,36194.34375,8.650235943556093e-06,8.650235943556093e-06
IXI035,B00033-101,3,1255.765625,33905.671875,2.345965312344876e-05,2.345965312344876e-05
IXI035,B00046-100,4,490.484375,31391.0,2.1072006540797547e-05,2.1072006540797547e-05
IXI035,B00046-101,3,1630.171875,44014.640625,9.074476150623263e-07,9.074476150623263e-07
IXI035,B00060-100,3,1197.65625,32336.71875,-7.329195128895424e-05,-7.329195128895424e-05
IXI035,B00060-101,3,1269.703125,34281.984375,-3.0355336168341843e-06,-3.0355336168341843e-06
IXI035,B00063-100,7,170.390625,58443.984375,6.337153625809144e-05,6.337153625809144e-05
IXI035,B00063-101,3,1208.234375,32622.328125,-2.5542897361974327e-05,-2.5542897361974327e-05
IXI035,B00078-100,3,1130.171875,30514.640625,-3.5913669135086505e-05,-3.5913669135086505e-05
IXI035,B00078-101,3,1196.9375,32317.3125,-9.448397628501161e-05,-8.072034965762898e-06
IXI035,B00080-100,4,625.3125,40020.0,4.976446672061389e-06,4.976446672061389e-06
IXI035,B00080-101,3,1712.625,46240.875,-2.0179069882788725e-05,-2.0179069882788725e-05
IXI035,B00085-100,5,437.171875,54646.484375,-7.772350698470058e-06,-7.772350698470058e-06
IXI035,B00085-101,5,491.96875,61496.09375,-1.9157589816259994e-06,-1.9157589816259994e-06
IXI035,B00096-100,3,1874.890625,50622.046875,3.3318952813683504e-06,3.3318952813683504e-06
IXI035,B00096-101,3,1385.234375,37401.328125,-1.3165650072554601e-05,-1.3165650072554601e-05
IXI036,B00005-100,7,425.09375,145807.15625,-1.3421483898453598e-06,1.3421483898453598e-06
IXI036,B00005-101,3,426.546875,11516.765625,7.090011149296348e-05,-7.090011149296348e-05
IXI036,B00006-100,5,624.703125,78087.890625,2.9176291847385943e-06,-2.9176291847385943e-06
IXI036,B00006-101,5,581.84375,72730.46875,6.209076604817701e-06,-6.209076604817701e-06
IXI036,B00008-100,6,139.484375,30128.625,2.4620405434987444e-05,-2.4620405434987444e-05
IXI036,B00008-101,6,152.1875,32872.5,1.7006404284540513e-05,-1.7006404284540513e-05
IXI036,B00008-102,6,270.609375,58451.625,-1.4848319640036272e-05,1.4848319640036272e-05
IXI036,B00008-103,6,180.03125,38886.75,-1.680175460239596e-05,1.680175460239596e-05
IXI036,B00009-100,3,1291.359375,34866.703125,2.8648105799363517e-05,-2.8648105799363517e-05
IXI036,B00009-101,3,1471.328125,39725.859375,-3.6461213463025956e-06,3.6461213463025956e-06
IXI036,B00020-100,3,1929.171875,52087.640625,-3.1770223166080234e-06,3.1770223166080234e-06
IXI036,B00020-101,3,2127.796875,57450.515625,-2.8300846639167033e-06,2.8300846639167033e-06
IXI036,B00027-100,4,666.5,42656.0,1.72108780333156e-06,-1.72108780333156e-06
IXI036,B00027-101,4,661.890625,42361.0,-1.0163732864335365e-05,1.0163732864335365e-05
IXI036,B00033-100,3,1340.53125,36194.34375,-6.213457727407478e-06,6.213457727407478e-06
IXI036,B00033-101,3,1255.765625,33905.671875,5.942898876171234e-05,-3.972921641303021e-05
IXI036,B00046-100,4,490.484375,31391.0,-2.8033649279055353e-05,2.8033649279055353e-05
IXI036,B00046-101,3,1630.171875,44014.640625,4.980558105786465e-06,-4.980558105786465e-06
IXI036,B00060-100,3,1197.65625,32336.71875,-1.856023757266446e-06,1.856023757266446e-06
IXI036,B00060-101,3,1269.703125,34281.984375,-3.2468480765307075e-06,3.2468480765307075e-06
IXI036,B00063-100,7,170.390625,58443.984375,-1.1201735729720516e-05,1.1201735729720516e-05
IXI036,B00063-101,3,1208.234375,32622.328125,-4.3780266725501916e-06,4.3780266725501916e-06
IXI036,B00078-100,3,1130.171875,30514.640625,-3.928490134098832e-05,3.928490134098832e-05
IXI036,B00078-101,3,1196.9375,32317.3125,1.2587522657241949e-05,-1.2587522657241949e-05
IXI036,B00080-100,4,625.3125,40020.0,-8.297170912451696e-06,8.297170912451696e-06
IXI036,B00080-101,3,1712.625,46240.875,3.0413830341052103e-06,-3.0413830341052103e-06
IXI036,B00085-100,5,437.171875,54646.484375,2.2156237802578525e-05,-2.2156237802578525e-05
IXI036,B00085-101,5,491.96875,61496.09375,-1.7144375565240434e-05,1.7144375565240434e-05
IXI036,B00096-100,3,1874.890625,50622.046875,-1.4313751359252832e-05,1.4313751359252832e-05
IXI036,B00096-101,3,1385.234375,37401.328125,-5.639247551888881e-06,5.639247551888881e-06
IXI037,B00005-100,7,425.09375,145807.15625,-3.6122998630680482e-06,-3.6122998630680482e-06
IXI037,B00005-101,3,426.546875,11516.765625,6.943613865604183e-05,6.943613865604183e-05
IXI037,B00006-100,5,624.703125,78087.890625,-2.008765397442516e-05,-2.008765397442516e-05
IXI037,B00006-101,5,581.84375,72730.46875,-1.2967227356988548e-05,-1.2967227356988548e-05
IXI037,B00008-100,6,139.484375,30128.625,1.7291636929365553e-05,1.7291636929365553e-05
IXI037,B00008-101,6,152.1875,32872.5,-2.510340447698606e-06,-2.510340447698606e-06
IXI037,B00008-102,6,270.609375,58451.625,-5.3447326192978124e-05,-5.3447326192978124e-05
IXI037,B00008-103,6,180.03125,38886.75,1.2025319784836387e-05,1.2025319784836387e-05
IXI037,B00009-100,3,1291.359375,34866.703125,-4.712348885531738e-05,-4.712348885531738e-05
IXI037,B00009-101,3,1471.328125,39725.859375,-1.4827357996557732e-05,-1.4827357996557732e-05
IXI037,B00020-100,3,1929.171875,52087.640625,7.775970558174075e-05,7.775970558174075e-05
IXI037,B00020-101,3,2127.796875,57450.515625,-2.0248221395637144e-05,-2.0248221395637144e-05
IXI037,B00027-100,4,666.5,42656.0,-1.2570149441126015e-05,-1.2570149441126015e-05
IXI037,B00027-101,4,661.890625,42361.0,-5.955444254351218e-06,-5.955444254351218e-06
IXI037,B00033-100,3,1340.53125,36194.34375,-3.849345927808312e-05,-3.849345927808312e-05
IXI037,B00033-101,3,1255.765625,33905.671875,-2.5394976169653925e-06,-2.5394976169653925e-06
IXI037,B00046-100,4,490.484375,31391.0,2.162182508671656e-06,2.162182508671656e-06
IXI037,B00046-101,3,1630.171875,44014.640625,-2.861809378364475e-05,-2.861809378364475e-05
IXI037,B00060-100,3,1197.65625,32336.71875,-2.699990730629642e-05,-2.699990730629642e-05
IXI037,B00060-101,3,1269.703125,34281.984375,-2.0231703301570847e-05,-2.0231703301570847e-05
IXI037,B00063-100,7,170.390625,58443.984375,6.147366403978396e-06,6.147366403978396e-06
IXI037,B00063-101,3,1208.234375,32622.328125,2.0335648273347602e-05,2.0335648273347602e-05
IXI037,B00078-100,3,1130.171875,30514.640625,-5.952016019662814e-05,-5.952016019662814e-05
IXI037,B00078-101,3,1196.9375,32317.3125,-4.074860710070594e-06,-4.074860710070594e-06
IXI037,B00080-100,4,625.3125,40020.0,1.6139598150715596e-05,1.6139598150715596e-05
IXI037,B00080-101,3,1712.625,46240.875,1.4115969274332234e-05,1.4115969274332234e-05
IXI037,B00085-100,5,437.171875,54646.484375,4.061180993678711e-05,4.061180993678711e-05
IXI037,B00085-101,5,491.96875,61496.09375,2.6222467880220198e-05,2.6222467880220198e-05
IXI037,B00096-100,3,1874.890625,50622.046875,9.715329158473492e-06,9.715329158473492e-06
IXI037,B00096-101,3,1385.234375,37401.328125,-1.5598297827789122e-05,-1.5598297827789122e-05
